{
    "one_step": {
        "position_aee": 0.5383811593055725,
        "velocity_aee": 0.6857352256774902,
        "position_r2": 0.9996235370635986,
        "velocity_r2": 0.926337718963623
    },
    "rollout": {
        "aggregate": {
            "position_aee": 5.779445648193359,
            "velocity_aee": 2.0706727504730225,
            "position_r2": 0.9311623573303223,
            "velocity_r2": 0.6313571929931641
        },
        "per_step": {
            "1": {
                "position_aee": 0.5398684144020081,
                "velocity_aee": 0.7203689813613892,
                "position_r2": 0.999626636505127,
                "velocity_r2": 0.928175151348114
            },
            "2": {
                "position_aee": 1.2357041835784912,
                "velocity_aee": 1.1501623392105103,
                "position_r2": 0.9976184964179993,
                "velocity_r2": 0.8774629831314087
            },
            "3": {
                "position_aee": 2.341432571411133,
                "velocity_aee": 1.4870529174804688,
                "position_r2": 0.991338849067688,
                "velocity_r2": 0.8218570947647095
            },
            "4": {
                "position_aee": 3.6306262016296387,
                "velocity_aee": 1.789092779159546,
                "position_r2": 0.9790310859680176,
                "velocity_r2": 0.7502744197845459
            },
            "5": {
                "position_aee": 5.0237717628479,
                "velocity_aee": 2.0707356929779053,
                "position_r2": 0.9591841697692871,
                "velocity_r2": 0.6669844388961792
            },
            "6": {
                "position_aee": 6.419805526733398,
                "velocity_aee": 2.3078057765960693,
                "position_r2": 0.9307454824447632,
                "velocity_r2": 0.5779637098312378
            },
            "7": {
                "position_aee": 7.74774694442749,
                "velocity_aee": 2.5668435096740723,
                "position_r2": 0.8939767479896545,
                "velocity_r2": 0.4808471202850342
            },
            "8": {
                "position_aee": 9.036710739135742,
                "velocity_aee": 2.753466844558716,
                "position_r2": 0.8476731777191162,
                "velocity_r2": 0.3758065104484558
            },
            "9": {
                "position_aee": 10.305469512939453,
                "velocity_aee": 2.8675129413604736,
                "position_r2": 0.7933803796768188,
                "velocity_r2": 0.2847590446472168
            },
            "10": {
                "position_aee": 11.513318061828613,
                "velocity_aee": 2.9936869144439697,
                "position_r2": 0.7363033294677734,
                "velocity_r2": 0.17670336365699768
            }
        }
    }
}