{
    "metadata": {
        "model_dir": "checkpoints/state_mlp_g3",
        "ckpt_name": "best.pt",
        "data_dir": "data/bouncing_ball_g3/test_ood_velocity",
        "probe_train_dir": null,
        "split_mode": "legacy_internal_split",
        "context": 5,
        "batch_size": 256,
        "rollout_steps": 10,
        "seed": 42
    },
    "one_step": {
        "position_aee": 0.4997570216655731,
        "velocity_aee": 0.8636457920074463,
        "position_r2": 0.999175488948822,
        "velocity_r2": 0.9259488582611084
    },
    "rollout": {
        "aggregate": {
            "position_aee": 4.029592514038086,
            "velocity_aee": 2.175206422805786,
            "position_r2": 0.9448204040527344,
            "velocity_r2": 0.6430457830429077
        },
        "per_step": {
            "1": {
                "position_aee": 0.5419629812240601,
                "velocity_aee": 1.0171358585357666,
                "position_r2": 0.9991450905799866,
                "velocity_r2": 0.9255907535552979
            },
            "2": {
                "position_aee": 1.20267653465271,
                "velocity_aee": 1.4363672733306885,
                "position_r2": 0.9904759526252747,
                "velocity_r2": 0.8669013977050781
            },
            "3": {
                "position_aee": 2.1125729084014893,
                "velocity_aee": 1.883783221244812,
                "position_r2": 0.9721165895462036,
                "velocity_r2": 0.6883323788642883
            },
            "4": {
                "position_aee": 3.0086119174957275,
                "velocity_aee": 2.183664083480835,
                "position_r2": 0.9494196176528931,
                "velocity_r2": 0.566707968711853
            },
            "5": {
                "position_aee": 3.8463048934936523,
                "velocity_aee": 2.1898577213287354,
                "position_r2": 0.9317828416824341,
                "velocity_r2": 0.6679404973983765
            },
            "6": {
                "position_aee": 4.424781799316406,
                "velocity_aee": 2.504028558731079,
                "position_r2": 0.9288612604141235,
                "velocity_r2": 0.5180533528327942
            },
            "7": {
                "position_aee": 5.005464553833008,
                "velocity_aee": 2.658834934234619,
                "position_r2": 0.9328980445861816,
                "velocity_r2": 0.40964141488075256
            },
            "8": {
                "position_aee": 5.816202640533447,
                "velocity_aee": 2.7235007286071777,
                "position_r2": 0.9189292192459106,
                "velocity_r2": 0.3404170274734497
            },
            "9": {
                "position_aee": 6.733572959899902,
                "velocity_aee": 2.5946028232574463,
                "position_r2": 0.876713216304779,
                "velocity_r2": 0.32314562797546387
            },
            "10": {
                "position_aee": 7.6037702560424805,
                "velocity_aee": 2.560288906097412,
                "position_r2": 0.8030188083648682,
                "velocity_r2": 0.28729498386383057
            }
        }
    }
}